#,Keyword,Position,Position History,Position History Date,Volume,URL,Difficulty,Traffic (desc),CPC,Last Update,Page URL inside,SERP Features
1,タイヤ ひび割れ,3,3,,6600,https://kurumaiko.com/post-3762/,0,1282,0.4,2019/07/29 19:37,,"Site links, Image pack, Top stories, Thumbnail"
2,タイヤ 亀裂,2,2,,600,https://kurumaiko.com/post-3762/,0,183,0.35,2019/07/26 12:33,,"Site links, Image pack, Video"
3,タイヤ　ひび割れ,3,4,2019/07/18 20:18,600,https://kurumaiko.com/post-3762/,0,169,,2019/07/25 8:19,,"Site links, Image pack, Top stories, Thumbnail"
4,タイヤひび割れ,3,4,2019/07/20 16:08,700,https://kurumaiko.com/post-3762/,0,154,,2019/07/27 16:15,,"Site links, Image pack, Top stories, Thumbnail"
5,タイヤ ヒビ,5,5,,900,https://kurumaiko.com/post-3762/,0,147,0.7,2019/07/29 22:41,,"Image pack, Site links, Top stories, Thumbnail"
6,タイヤ ひび,2,2,,500,https://kurumaiko.com/post-3762/,0,145,,2019/07/24 19:08,,"Site links, Image pack, Top stories, Thumbnail"
7,タイヤのひび割れ,3,4,2019/07/19 12:08,600,https://kurumaiko.com/post-3762/,0,108,0.06,2019/07/26 15:52,,"Site links, Image pack, Top stories, Thumbnail, Video"
8,タイヤ ひび割れ 補修,4,4,,600,https://kurumaiko.com/post-3762/,0,94,0.15,2019/07/25 9:57,,"Site links, Image pack, Video"
9,タイヤ ひび割れ,5,6,2019/07/27 8:35,6600,https://kurumaiko.com/post-3762/,0,93,0.4,2019/07/29 19:37,Image pack,"Site links, Image pack, Top stories, Thumbnail"
10,タイヤ ひび割れ 大丈夫,1,1,,250,https://kurumaiko.com/post-3762/,0,90,0.03,2019/07/26 14:19,,"Site links, Image pack, Top stories, Thumbnail"
11,タイヤ ひび割れ 車検,1,1,,250,https://kurumaiko.com/post-3762/,0,87,0.01,2019/07/29 19:35,,"Image pack, Video"
12,車検 タイヤ ひび割れ,1,1,,250,https://kurumaiko.com/post-3762/,0,83,,2019/07/20 5:51,Featured snippet,"Featured snippet, Thumbnail, Site links, Image pack"
13,タイヤ　ひび,2,2,,300,https://kurumaiko.com/post-3762/,0,40,,2019/07/05 10:21,,"Image pack, Site links, Top stories, Thumbnail"
14,車 タイヤ ひび割れ,3,2,2019/07/01 8:08,300,https://kurumaiko.com/post-3762/,0,37,0.08,2019/07/28 11:09,,"Site links, Image pack, Top stories, Thumbnail"
15,車検 タイヤ ヒビ,1,1,,90,https://kurumaiko.com/post-3762/,0,34,,2019/07/28 19:32,Featured snippet,"Featured snippet, Thumbnail, Site links, Image pack"
16,車検 タイヤ ひび割れ,2,2,,250,https://kurumaiko.com/post-3762/,0,34,,2019/07/20 5:51,,"Featured snippet, Thumbnail, Site links, Image pack"
17,タイヤ ヒビ 車検,1,1,,80,https://kurumaiko.com/post-3762/,0,28,0.5,2019/07/16 23:12,Featured snippet,"Featured snippet, Thumbnail, Image pack"
18,タイヤ ひび割れ 側面,1,1,,400,https://kurumaiko.com/post-3762/,0,27,0.25,2019/07/05 12:07,Image pack,"Image pack, Site links, Video"
19,タイヤ　ヒビ,4,4,,300,https://kurumaiko.com/post-3762/,0,26,,2019/07/15 6:34,,"Image pack, Site links, Top stories, Thumbnail"
20,タイヤ 寿命 ひび割れ,3,3,,200,https://kurumaiko.com/post-3762/,0,23,,2019/07/23 12:03,,"Image pack, Site links"
21,タイヤ ヒビ,3,3,,900,https://kurumaiko.com/post-3762/,0,20,0.7,2019/07/29 22:41,Image pack,"Image pack, Site links, Top stories, Thumbnail"
22,車検 タイヤ ひび,1,1,,50,https://kurumaiko.com/post-3762/,0,19,,2019/07/07 1:17,Featured snippet,"Featured snippet, Thumbnail, Image pack, Site links"
23,タイヤ の ヒビ,4,5,2019/06/08 11:17,200,https://kurumaiko.com/post-3762/,0,19,0.5,2019/07/06 18:35,,"Image pack, Site links, Top stories, Thumbnail"
24,タイヤ 交換 時期 ひび割れ,5,7,2019/06/11 19:55,250,https://kurumaiko.com/post-3762/,0,18,0.6,2019/07/09 18:26,,"Site links, Image pack"
25,タイヤ ひび割れ バースト,9,11,2019/06/30 17:39,250,https://kurumaiko.com/post-3762/,0,18,0.4,2019/07/27 7:17,,"Site links, Image pack, Top stories, Thumbnail, Video"
26,タイヤ の 寿命 ひび,3,3,,150,https://kurumaiko.com/post-3762/,0,16,1,2019/07/31 4:01,,"Site links, Image pack"
27,タイヤ交換時期 ひび割れ,5,7,2019/06/13 6:34,200,https://kurumaiko.com/post-3762/,0,15,0.45,2019/07/11 10:04,,"Site links, Image pack"
28,タイヤ ひび割れ 側面,8,10,2019/06/07 17:41,400,https://kurumaiko.com/post-3762/,0,14,0.25,2019/07/05 12:07,,"Image pack, Site links, Video"
29,車検 タイヤ ヒビ,2,2,,90,https://kurumaiko.com/post-3762/,0,14,,2019/07/28 19:32,,"Featured snippet, Thumbnail, Site links, Image pack"
30,タイヤ の 亀裂,2,3,2019/06/09 12:49,90,https://kurumaiko.com/post-3762/,0,14,0.15,2019/07/07 13:17,,"Site links, Image pack, Top stories, Thumbnail"
31,タイヤ に 亀裂,2,2,,90,https://kurumaiko.com/post-3762/,0,13,0.25,2019/07/30 11:19,,"Site links, Image pack, Top stories, Thumbnail"
32,タイヤの亀裂,2,2,,90,https://kurumaiko.com/post-3762/,0,13,0.03,2019/07/22 0:28,,"Site links, Image pack, Top stories, Thumbnail"
33,タイヤ 割れ,4,4,,150,https://kurumaiko.com/post-3762/,0,13,0.2,2019/07/24 14:22,,"Site links, Image pack, Top stories, Thumbnail"
34,車 タイヤ ヒビ,4,3,2019/06/17 13:22,150,https://kurumaiko.com/post-3762/,0,12,0.15,2019/07/15 5:37,,"Site links, Image pack, Top stories, Thumbnail"
35,タイヤ 亀裂,4,5,2019/07/19 6:31,600,https://kurumaiko.com/post-3762/,0,12,0.35,2019/07/26 12:33,Image pack,"Site links, Image pack, Video"
36,タイヤのひび割れ 車検,1,1,,30,https://kurumaiko.com/post-3762/,0,11,0.06,2019/07/25 20:09,Featured snippet,"Featured snippet, Thumbnail, Image pack, Site links"
37,タイヤ ひび割れ 溝,12,14,2019/06/14 13:48,450,https://kurumaiko.com/post-3762/,0,11,0.2,2019/07/12 8:36,,"Image pack, Site links, Video"
38,タイヤ ヒビ 車検,2,1,2019/06/18 1:35,80,https://kurumaiko.com/post-3762/,0,11,0.5,2019/07/16 23:12,,"Featured snippet, Thumbnail, Image pack"
39,タイヤのヒビ,4,5,2019/06/13 23:16,100,https://kurumaiko.com/post-3762/,0,11,0.01,2019/07/11 4:36,,"Image pack, Site links, Top stories, Thumbnail"
40,車 タイヤ 亀裂,2,2,,70,https://kurumaiko.com/post-3762/,0,11,1,2019/07/04 14:22,,"Image pack, Site links, Top stories, Thumbnail"
41,タイヤひび割れ,5,5,,700,https://kurumaiko.com/post-3762/,0,10,,2019/07/27 16:15,Image pack,"Site links, Image pack, Top stories, Thumbnail"
42,タイヤ クラック,1,1,,300,https://kurumaiko.com/post-3762/,0,9,0.1,2019/07/12 8:45,Image pack,"Image pack, Top stories, Thumbnail"
43,タイヤ　ひび割れ,6,5,2019/07/18 20:18,600,https://kurumaiko.com/post-3762/,0,9,,2019/07/25 8:19,Image pack,"Site links, Image pack, Top stories, Thumbnail"
44,車検 タイヤ ひび,2,2,,50,https://kurumaiko.com/post-3762/,0,8,,2019/07/07 1:17,,"Featured snippet, Thumbnail, Image pack, Site links"
45,ひび割れ タイヤ,3,3,,60,https://kurumaiko.com/post-3762/,0,8,0.4,2019/07/30 14:32,,"Site links, Image pack, Top stories, Thumbnail"
46,タイヤヒビ,5,5,,100,https://kurumaiko.com/post-3762/,0,8,,2019/07/13 17:39,,"Image pack, Site links, Video"
47,タイヤ サイド ひび割れ,5,4,2019/06/13 6:22,100,https://kurumaiko.com/post-3762/,0,7,0.2,2019/07/11 4:12,,"Image pack, Site links, Video"
48,タイヤ ひび割れ 補修,5,5,,600,https://kurumaiko.com/post-3762/,0,7,0.15,2019/07/25 9:57,Image pack,"Site links, Image pack, Video"
49,ひび割れタイヤ,2,2,,50,https://kurumaiko.com/post-3762/,0,7,,2019/07/24 8:25,,"Site links, Image pack, Top stories, Thumbnail"
50,タイヤ交換 ひび割れ,4,3,2019/06/26 6:40,80,https://kurumaiko.com/post-3762/,0,7,,2019/07/24 2:07,,"Site links, Image pack, Top stories, Thumbnail"
51,タイヤ ひび,5,5,,500,https://kurumaiko.com/post-3762/,0,7,,2019/07/24 19:08,Image pack,"Site links, Image pack, Top stories, Thumbnail"
52,タイヤ 側面 ひび割れ,5,5,,100,https://kurumaiko.com/post-3762/,0,7,0.4,2019/07/06 16:16,,"Image pack, Site links, Top stories, Thumbnail, Video"
53,タイヤ 側面 ひび割れ,1,1,,100,https://kurumaiko.com/post-3762/,0,7,0.4,2019/07/06 16:16,Image pack,"Image pack, Site links, Top stories, Thumbnail, Video"
54,タイヤの寿命 ひび,3,3,,60,https://kurumaiko.com/post-3762/,0,7,0.01,2019/07/24 21:06,,"Site links, Image pack"
55,タイヤ に ヒビ,4,4,,70,https://kurumaiko.com/post-3762/,0,7,,2019/07/22 19:01,,"Site links, Image pack, Top stories, Thumbnail"
56,タイヤのひび割れ補修,6,5,2019/06/29 23:37,100,https://kurumaiko.com/post-3762/,0,7,0.03,2019/07/26 20:39,,"Site links, Image pack, Top stories, Thumbnail, Adwords bottom"
57,タイヤ 接地面 ひび割れ,9,21,2019/07/04 11:35,200,https://kurumaiko.com/post-3762/,0,6,,2019/07/30 16:26,,"Image pack, Site links, Video"
58,自動車 タイヤ ひび割れ,2,3,2019/06/21 10:33,40,https://kurumaiko.com/post-3762/,0,6,,2019/07/19 15:13,,"Site links, Image pack, Top stories, Thumbnail, Video"
59,タイヤ ひび割れ レベル,8,10,2019/07/02 1:45,150,https://kurumaiko.com/post-3762/,0,6,,2019/07/28 22:08,,Image pack
60,タイヤ 横 ひび割れ,5,5,,70,https://kurumaiko.com/post-3762/,0,6,,2019/07/18 23:05,,"Image pack, Site links, Top stories, Thumbnail"
61,タイヤ ひび割れ 原因,9,15,2019/07/04 5:47,200,https://kurumaiko.com/post-3762/,0,5,0.8,2019/07/31 2:23,,Image pack
62,タイヤ に ひび割れ,4,3,2019/06/17 4:00,60,https://kurumaiko.com/post-3762/,0,5,,2019/07/15 9:14,,"Image pack, Site links, Top stories, Thumbnail"
63,タイヤひび割れ 交換時期,5,6,2019/06/26 17:58,60,https://kurumaiko.com/post-3762/,0,4.9,,2019/07/23 10:47,,"Site links, Image pack, Video"
64,タイヤ ひび割れ 程度,3,2,2019/06/16 21:31,40,https://kurumaiko.com/post-3762/,0,4.8,,2019/07/14 10:04,,"Site links, Image pack, Video"
65,タイヤ 側面 ヒビ,9,12,2019/06/12 21:29,150,https://kurumaiko.com/post-3762/,0,4.8,,2019/07/10 18:23,,"Image pack, Site links, Video"
66,タイヤ トレッド面 ひび割れ,1,1,,150,https://kurumaiko.com/post-3762/,0,4.7,,2019/07/19 9:00,Image pack,"Image pack, Site links"
67,タイヤにひび割れ,4,5,2019/06/23 7:31,50,https://kurumaiko.com/post-3762/,0,4.7,,2019/07/21 14:45,,"Image pack, Site links, Top stories, Thumbnail"
68,タイヤのひび割れ 車検,2,2,,30,https://kurumaiko.com/post-3762/,0,4.6,0.06,2019/07/25 20:09,,"Featured snippet, Thumbnail, Image pack, Site links"
69,タイヤのひび割れ,7,7,,600,https://kurumaiko.com/post-3762/,0,4.4,0.06,2019/07/26 15:52,Image pack,"Site links, Image pack, Top stories, Thumbnail, Video"
70,タイヤ ひび割れ バースト,5,5,,250,https://kurumaiko.com/post-3762/,0,4.4,0.4,2019/07/27 7:17,Image pack,"Site links, Image pack, Top stories, Thumbnail, Video"
71,タイヤ 側面 亀裂,6,5,2019/07/03 7:32,70,https://kurumaiko.com/post-3762/,0,4.3,0.15,2019/07/29 23:31,,"Image pack, Site links, Video, Shopping results, Thumbnail"
72,タイヤ サイドウォール ヒビ,6,6,,70,https://kurumaiko.com/post-3762/,0,4.2,,2019/07/30 16:22,,"Image pack, Site links"
73,タイヤ 交換 ヒビ,4,5,2019/06/15 6:13,40,https://kurumaiko.com/post-3762/,0,4.2,,2019/07/13 19:54,,"Site links, Image pack, Top stories, Thumbnail"
74,タイヤ　ヒビ,5,5,,300,https://kurumaiko.com/post-3762/,0,4.2,,2019/07/15 6:34,Image pack,"Image pack, Site links, Top stories, Thumbnail"
75,タイヤ　ひび,5,4,2019/06/07 6:54,300,https://kurumaiko.com/post-3762/,0,4.1,,2019/07/05 10:21,Image pack,"Image pack, Site links, Top stories, Thumbnail"
76,タイヤ ヒビ 補修,6,9,2019/07/04 2:36,70,https://kurumaiko.com/post-3762/,0,4,0.1,2019/07/31 0:36,,"Image pack, Site links, Top stories, Thumbnail"
77,タイヤ ひび割れ 交換,6,3,2019/06/23 4:49,70,https://kurumaiko.com/post-3762/,0,4,0.06,2019/07/21 12:24,,"Site links, Top stories, Thumbnail, Image pack"
78,タイヤ 交換時期 ヒビ,7,6,2019/06/28 10:07,80,https://kurumaiko.com/post-3762/,0,3.9,0.01,2019/07/25 22:33,,"Image pack, Site links"
79,タイヤ サイド ヒビ,6,14,2019/07/04 17:57,60,https://kurumaiko.com/post-3762/,0,3.8,,2019/07/30 23:59,,"Image pack, Site links, Top stories, Thumbnail"
80,タイヤ クラック,13,13,,300,https://kurumaiko.com/post-3762/,0,3.8,0.1,2019/07/12 8:45,,"Image pack, Top stories, Thumbnail"
81,タイヤ 細かいヒビ,6,6,,60,https://kurumaiko.com/post-3762/,0,3.6,,2019/07/18 16:16,,"Image pack, Site links"
82,タイヤ ひび割れ 危険,5,3,2019/06/26 11:03,40,https://kurumaiko.com/post-3762/,0,3.4,,2019/07/24 4:44,,"Site links, Image pack, Top stories, Thumbnail"
83,タイヤ 亀裂 補修,7,6,2019/06/21 21:54,70,https://kurumaiko.com/post-3762/,0,3.4,0.1,2019/07/18 21:26,,"Site links, Image pack, Top stories, Thumbnail, Video"
84,タイヤ 亀裂 側面,5,11,2019/06/28 18:00,40,https://kurumaiko.com/post-3762/,0,3.3,0.2,2019/07/25 5:17,,"Image pack, Video"
85,タイヤ ひび割れ 寿命,4,5,2019/06/26 18:58,30,https://kurumaiko.com/post-3762/,0,3.1,,2019/07/24 4:27,,"Site links, Image pack"
86,タイヤ ひび割れ 防止,12,25,2019/06/30 17:13,200,https://kurumaiko.com/post-3762/,0,2.9,0.15,2019/07/27 19:36,,"Site links, Image pack, Top stories, Thumbnail, Video"
87,タイヤの寿命ひび割れ,4,4,,30,https://kurumaiko.com/post-3762/,0,2.8,0.01,2019/07/27 20:13,,"Featured snippet, Thumbnail, Site links, Image pack"
88,タイヤ 亀裂 原因,5,5,,40,https://kurumaiko.com/post-3762/,0,2.7,,2019/07/11 10:18,,"Site links, Image pack, Video"
89,タイヤひび割れ修理,8,5,2019/06/15 8:34,70,https://kurumaiko.com/post-3762/,0,2.7,0.02,2019/07/13 22:12,,"Site links, Image pack, Top stories, Thumbnail, Video"
90,タイヤ ひび割れ 交換時期,8,6,2019/06/27 19:00,70,https://kurumaiko.com/post-3762/,0,2.7,,2019/07/24 20:51,,"Site links, Image pack"
91,タイヤ 溝 ひび割れ,12,14,2019/06/28 11:40,150,https://kurumaiko.com/post-3762/,0,2.6,,2019/07/25 20:00,,"Site links, Image pack, Video"
92,タイヤ 亀裂 修理,7,4,2019/06/19 15:34,50,https://kurumaiko.com/post-3762/,0,2.6,0.2,2019/07/17 20:16,,"Site links, Image pack, Top stories, Thumbnail, Video"
93,タイヤ サイドウォール ヒビ,1,1,,70,https://kurumaiko.com/post-3762/,0,2.6,,2019/07/30 16:22,Image pack,"Image pack, Site links"
94,タイヤ側面のひび割れ,5,7,2019/06/24 18:00,30,https://kurumaiko.com/post-3762/,0,2.4,0.01,2019/07/22 9:25,,"Site links, Image pack, Top stories, Thumbnail"
95,トレッド面 ひび割れ,1,1,,60,https://kurumaiko.com/post-3762/,0,2.4,,2019/07/20 14:53,Image pack,"Image pack, Site links"
96,タイヤ サイド ヒビ,1,1,,60,https://kurumaiko.com/post-3762/,0,2.3,,2019/07/30 23:59,Image pack,"Image pack, Site links, Top stories, Thumbnail"
97,タイヤのひび割れ防止,9,12,2019/06/28 21:09,70,https://kurumaiko.com/post-3762/,0,2.2,,2019/07/25 11:10,,"Site links, Image pack, Video, Top stories, Thumbnail, Adwords bottom, Shopping results"
98,タイヤ 交換 時期 ヒビ,6,6,,40,https://kurumaiko.com/post-3762/,0,2.2,,2019/07/24 0:21,,"Image pack, Site links"
99,タイヤ 横 亀裂,8,7,2019/06/22 21:10,50,https://kurumaiko.com/post-3762/,0,2.1,0.15,2019/07/20 3:04,,"Image pack, Top stories, Thumbnail"
100,タイヤ 横 亀裂,1,1,,50,https://kurumaiko.com/post-3762/,0,2,0.15,2019/07/20 3:04,Image pack,"Image pack, Top stories, Thumbnail"
101,タイヤ サイドウォール ひび,6,6,,30,https://kurumaiko.com/post-3762/,0,2,,2019/07/29 10:16,,"Image pack, Site links"
102,タイヤ ショルダー ひび割れ,9,9,,60,https://kurumaiko.com/post-3762/,0,1.9,,2019/07/29 21:40,,"Image pack, Site links"
103,タイヤ 寿命 ひび割れ,4,4,,200,https://kurumaiko.com/post-3762/,0,1.8,,2019/07/23 12:03,Image pack,"Image pack, Site links"
104,タイヤ 溝 ヒビ,11,15,2019/06/29 7:16,90,https://kurumaiko.com/post-3762/,0,1.7,,2019/07/26 20:09,,"Image pack, Site links, Video"
105,タイヤ ショルダー ひび,9,10,2019/06/07 23:28,60,https://kurumaiko.com/post-3762/,0,1.7,,2019/07/05 20:06,,"Image pack, Site links"
106,バイク タイヤ ひび割れ 補修,3,3,,150,https://kurumaiko.com/post-3762/,0,1.7,,2019/07/30 16:55,Image pack,"Shopping results, Thumbnail, Site links, Image pack, Top stories, Adwords bottom"
107,タイヤ サイドウォール 亀裂,10,12,2019/06/19 22:29,70,https://kurumaiko.com/post-3762/,0,1.6,,2019/07/17 16:18,,"Image pack, Site links"
108,タイヤ 亀裂 側面,1,1,,40,https://kurumaiko.com/post-3762/,0,1.6,0.2,2019/07/25 5:17,Image pack,"Image pack, Video"
109,タイヤ に ひび割れ,2,4,2019/06/17 4:00,60,https://kurumaiko.com/post-3762/,0,1.6,,2019/07/15 9:14,Image pack,"Image pack, Site links, Top stories, Thumbnail"
110,タイヤ ひび割れ バイク,1,1,,40,https://kurumaiko.com/post-3762/,0,1.4,,2019/07/20 19:17,Image pack,"Image pack, Site links, Top stories, Thumbnail"
111,タイヤ ひび割れ レベル,4,4,,150,https://kurumaiko.com/post-3762/,0,1.4,,2019/07/28 22:08,Image pack,Image pack
112,バイク タイヤ ひび割れ 補修,14,23,2019/07/04 11:52,150,https://kurumaiko.com/post-3762/,0,1.4,,2019/07/30 16:55,,"Shopping results, Thumbnail, Site links, Image pack, Top stories, Adwords bottom"
113,タイヤ ひび割れ 修理,8,5,2019/06/22 3:21,40,https://kurumaiko.com/post-3762/,0,1.4,0.1,2019/07/20 0:10,,"Site links, Top stories, Thumbnail, Image pack"
114,タイヤ ひび割れ 防止,5,5,,200,https://kurumaiko.com/post-3762/,0,1.4,0.15,2019/07/27 19:36,Image pack,"Site links, Image pack, Top stories, Thumbnail, Video"
115,タイヤ 溝 亀裂,9,8,2019/06/24 13:36,40,https://kurumaiko.com/post-3762/,0,1.2,,2019/07/21 21:15,,"Site links, Image pack, Video"
116,タイヤ サイド ひび,10,4,2019/06/19 10:02,50,https://kurumaiko.com/post-3762/,0,1.1,,2019/07/17 8:01,,"Image pack, Site links, Video"
117,タイヤ ひび割れ 車検,7,7,,250,https://kurumaiko.com/post-3762/,0,1.1,0.01,2019/07/29 19:35,Image pack,"Image pack, Video"
118,車 タイヤ 亀裂,5,5,,70,https://kurumaiko.com/post-3762/,0,1.1,1,2019/07/04 14:22,Image pack,"Image pack, Site links, Top stories, Thumbnail"
119,車 タイヤ ヒビ,8,4,2019/06/17 13:22,150,https://kurumaiko.com/post-3762/,0,1,0.15,2019/07/15 5:37,Image pack,"Site links, Image pack, Top stories, Thumbnail"
120,タイヤ ヒビ 補修,2,2,,70,https://kurumaiko.com/post-3762/,0,0.98,0.1,2019/07/31 0:36,Image pack,"Image pack, Site links, Top stories, Thumbnail"
121,タイヤ 交換時期 ヒビ,3,3,,80,https://kurumaiko.com/post-3762/,0,0.96,0.01,2019/07/25 22:33,Image pack,"Image pack, Site links"
122,タイヤ ひび割れ 大丈夫,8,7,2019/06/29 11:01,250,https://kurumaiko.com/post-3762/,0,0.95,0.03,2019/07/26 14:19,Image pack,"Site links, Image pack, Top stories, Thumbnail"
123,タイヤひび割れ補修剤,9,11,2019/06/28 19:12,30,https://kurumaiko.com/post-3762/,0,0.9,0.04,2019/07/25 14:24,,"Site links, Image pack, Top stories, Thumbnail, Adwords bottom"
124,タイヤ 亀裂 補修,3,8,2019/06/21 21:54,70,https://kurumaiko.com/post-3762/,0,0.83,0.1,2019/07/18 21:26,Image pack,"Site links, Image pack, Top stories, Thumbnail, Video"
125,タイヤ 縦溝 ひび割れ,9,5,2019/06/10 16:47,20,https://kurumaiko.com/post-3762/,0,0.78,,2019/07/08 19:03,,"Image pack, Video"
126,タイヤのひび割れ 交換時期,10,13,2019/06/21 4:13,30,https://kurumaiko.com/post-3762/,0,0.74,0.15,2019/07/19 10:48,,"Site links, Image pack"
127,タイヤにひび割れ,2,2,,50,https://kurumaiko.com/post-3762/,0,0.73,,2019/07/21 14:45,Image pack,"Image pack, Site links, Top stories, Thumbnail"
128,タイヤ ひび割れしやすいメーカー,15,42,2019/07/02 16:34,80,https://kurumaiko.com/post-3762/,0,0.64,,2019/07/29 14:19,,Site links
129,車 タイヤ ひび割れ,11,14,2019/07/01 8:08,300,https://kurumaiko.com/post-3762/,0,0.61,0.08,2019/07/28 11:09,Image pack,"Site links, Image pack, Top stories, Thumbnail"
130,タイヤ の ひび割れ 交換 時期,11,14,2019/06/14 17:56,30,https://kurumaiko.com/post-3762/,0,0.61,1.2,2019/07/12 1:47,,"Site links, Image pack"
131,車検 タイヤ ひび割れ,10,10,,250,https://kurumaiko.com/post-3762/,0,0.57,,2019/07/20 5:51,Image pack,"Featured snippet, Thumbnail, Site links, Image pack"
132,タイヤ に 亀裂,6,5,2019/07/03 20:57,90,https://kurumaiko.com/post-3762/,0,0.55,0.25,2019/07/30 11:19,Image pack,"Site links, Image pack, Top stories, Thumbnail"
133,タイヤのひび割れ補修,7,9,2019/06/29 23:37,100,https://kurumaiko.com/post-3762/,0,0.55,0.03,2019/07/26 20:39,Image pack,"Site links, Image pack, Top stories, Thumbnail, Adwords bottom"
134,ひび割れ タイヤ,5,4,2019/07/04 20:05,60,https://kurumaiko.com/post-3762/,0,0.49,0.4,2019/07/30 14:32,Image pack,"Site links, Image pack, Top stories, Thumbnail"
135,タイヤ交換 ひび割れ,6,5,2019/06/26 6:40,80,https://kurumaiko.com/post-3762/,0,0.48,,2019/07/24 2:07,Image pack,"Site links, Image pack, Top stories, Thumbnail"
136,タイヤ の 亀裂,10,2,2019/06/09 12:49,90,https://kurumaiko.com/post-3762/,0,0.46,0.15,2019/07/07 13:17,Image pack,"Site links, Image pack, Top stories, Thumbnail"
137,タイヤ に ヒビ,6,5,2019/06/25 11:30,70,https://kurumaiko.com/post-3762/,0,0.44,,2019/07/22 19:01,Image pack,"Site links, Image pack, Top stories, Thumbnail"
138,タイヤの亀裂,7,3,2019/06/24 12:46,90,https://kurumaiko.com/post-3762/,0,0.43,0.03,2019/07/22 0:28,Image pack,"Site links, Image pack, Top stories, Thumbnail"
139,タイヤひび割れ修理,9,9,,70,https://kurumaiko.com/post-3762/,0,0.43,0.02,2019/07/13 22:12,Image pack,"Site links, Image pack, Top stories, Thumbnail, Video"
140,タイヤ 交換 時期 ヒビ,3,3,,40,https://kurumaiko.com/post-3762/,0,0.43,,2019/07/24 0:21,Image pack,"Image pack, Site links"
141,タイヤ 割れ,9,5,2019/06/27 14:03,150,https://kurumaiko.com/post-3762/,0,0.42,0.2,2019/07/24 14:22,Image pack,"Site links, Image pack, Top stories, Thumbnail"
142,タイヤ 亀裂 修理,8,9,2019/06/19 15:34,50,https://kurumaiko.com/post-3762/,0,0.42,0.2,2019/07/17 20:16,Image pack,"Site links, Image pack, Top stories, Thumbnail, Video"
143,タイヤ サイドウォール ひび割れ,14,11,2019/06/20 20:01,40,https://kurumaiko.com/post-3762/,0,0.4,,2019/07/18 15:04,,"Image pack, Site links"
144,ひび割れタイヤ,5,3,2019/06/27 8:30,50,https://kurumaiko.com/post-3762/,0,0.38,,2019/07/24 8:25,Image pack,"Site links, Image pack, Top stories, Thumbnail"
145,バイク タイヤ 亀裂,5,5,,50,https://kurumaiko.com/post-3762/,0,0.38,,2019/07/30 8:45,Image pack,"Site links, Image pack, Top stories, Thumbnail"
146,タイヤ ヒビ 車検,10,7,2019/06/18 1:35,80,https://kurumaiko.com/post-3762/,0,0.38,0.5,2019/07/16 23:12,Image pack,"Featured snippet, Thumbnail, Image pack"
147,タイヤ 交換 ヒビ,8,9,2019/06/15 6:13,40,https://kurumaiko.com/post-3762/,0,0.34,,2019/07/13 19:54,Image pack,"Site links, Image pack, Top stories, Thumbnail"
148,タイヤ側面のひび割れ,4,4,,30,https://kurumaiko.com/post-3762/,0,0.3,0.01,2019/07/22 9:25,Image pack,"Site links, Image pack, Top stories, Thumbnail"
149,車検 タイヤ ヒビ,9,9,,90,https://kurumaiko.com/post-3762/,0,0.29,,2019/07/28 19:32,Image pack,"Featured snippet, Thumbnail, Site links, Image pack"
150,タイヤひび割れ補修剤,4,4,,30,https://kurumaiko.com/post-3762/,0,0.28,0.04,2019/07/25 14:24,Image pack,"Site links, Image pack, Top stories, Thumbnail, Adwords bottom"
151,タイヤ ひび割れ 程度,10,8,2019/06/16 21:31,40,https://kurumaiko.com/post-3762/,0,0.2,,2019/07/14 10:04,Image pack,"Site links, Image pack, Video"
152,トレッド面 ひび割れ,20,20,,60,https://kurumaiko.com/post-3762/,0,0.17,,2019/07/20 14:53,,"Image pack, Site links"
153,タイヤ ひび割れ 寿命,7,7,,30,https://kurumaiko.com/post-3762/,0,0.16,,2019/07/24 4:27,Image pack,"Site links, Image pack"
154,タイヤのひび割れ防止,11,10,2019/06/28 21:09,70,https://kurumaiko.com/post-3762/,0,0.14,,2019/07/25 11:10,Image pack,"Site links, Image pack, Video, Top stories, Thumbnail, Adwords bottom, Shopping results"
155,原付 タイヤ ヒビ,8,8,,30,https://kurumaiko.com/post-3762/,0,0.12,,2019/07/19 14:51,Image pack,"Site links, Image pack, Top stories, Thumbnail"
156,車 ひび割れ,21,22,2019/06/17 15:04,50,https://kurumaiko.com/post-3762/,0,0.11,2,2019/07/15 15:03,,"Site links, Image pack, Top stories, Thumbnail"
157,タイヤ 縦溝 ひび割れ,10,10,,20,https://kurumaiko.com/post-3762/,0,0.1,,2019/07/08 19:03,Image pack,"Image pack, Video"
158,タイヤのひび割れ 車検,9,8,2019/06/28 19:09,30,https://kurumaiko.com/post-3762/,0,0.1,0.06,2019/07/25 20:09,Image pack,"Featured snippet, Thumbnail, Image pack, Site links"
159,タイヤ ひび割れ 修理,10,7,2019/06/22 3:21,40,https://kurumaiko.com/post-3762/,0,0.09,0.1,2019/07/20 0:10,Image pack,"Site links, Top stories, Thumbnail, Image pack"
160,バイク タイヤ ひび割れ,33,75,2019/07/03 5:47,400,https://kurumaiko.com/post-3762/,0,0.08,0.08,2019/07/29 23:43,,"Site links, Image pack, Top stories, Thumbnail"
161,タイヤ ワイヤー 見える,25,54,2019/06/06 18:11,90,https://kurumaiko.com/post-3762/,0,0.07,,2019/07/04 8:12,,"Image pack, Site links, Video"
162,タイヤ ひび割れ 原因,18,11,2019/07/04 5:47,200,https://kurumaiko.com/post-3762/,0,0.07,0.8,2019/07/31 2:23,Image pack,Image pack
163,バイクタイヤひび割れ補修,24,19,2019/06/07 6:27,60,https://kurumaiko.com/post-3762/,0,0.07,,2019/07/05 22:58,,"Image pack, Site links, Top stories, Thumbnail"
164,車検に通らないタイヤ,22,22,,40,https://kurumaiko.com/post-3762/,0,0.07,,2019/07/21 18:41,,"Featured snippet, Thumbnail, Site links, Image pack, Video"
165,自動車 タイヤ ひび割れ,12,11,2019/06/21 10:33,40,https://kurumaiko.com/post-3762/,0,0.06,,2019/07/19 15:13,Image pack,"Site links, Image pack, Top stories, Thumbnail, Video"
166,タイヤのひび割れ 交換時期,11,11,,30,https://kurumaiko.com/post-3762/,0,0.06,0.15,2019/07/19 10:48,Image pack,"Site links, Image pack"
167,タイヤの寿命ひび割れ,13,13,,30,https://kurumaiko.com/post-3762/,0,0.04,0.01,2019/07/27 20:13,Image pack,"Featured snippet, Thumbnail, Site links, Image pack"
168,タイヤ 傷 補修,29,27,2019/06/24 11:43,100,https://kurumaiko.com/post-3762/,0,0.04,0.1,2019/07/22 6:20,,"Image pack, Site links, Top stories, Thumbnail"
169,タイヤ サイドウォール 傷 深さ,32,30,2019/07/04 22:33,200,https://kurumaiko.com/post-3762/,0,0.03,,2019/07/31 1:06,,Image pack
170,タイヤ 横,26,54,2019/06/20 8:29,40,https://kurumaiko.com/post-3762/,0,0.03,,2019/07/18 0:00,,"Image pack, Top stories, Thumbnail"
171,バイク タイヤ 亀裂,27,53,2019/07/03 8:03,50,https://kurumaiko.com/post-3762/,0,0.03,,2019/07/30 8:45,,"Site links, Image pack, Top stories, Thumbnail"
172,タイヤ トレッド面 ひび割れ,34,29,2019/06/21 4:16,150,https://kurumaiko.com/post-3762/,0,0.02,,2019/07/19 9:00,,"Image pack, Site links"
173,タイヤ 亀裂 原因,22,22,,40,https://kurumaiko.com/post-3762/,0,0.01,,2019/07/11 10:18,Image pack,"Site links, Image pack, Video"
174,タイヤ ひび割れ バイク,30,71,2019/06/23 12:46,40,https://kurumaiko.com/post-3762/,0,0.01,,2019/07/20 19:17,,"Image pack, Site links, Top stories, Thumbnail"
175,タイヤ ひび割れ 交換,24,22,2019/06/23 4:49,70,https://kurumaiko.com/post-3762/,0,0.01,0.06,2019/07/21 12:24,Image pack,"Site links, Top stories, Thumbnail, Image pack"
176,ひび割れしにくいタイヤメーカー,35,74,2019/06/23 16:31,60,https://kurumaiko.com/post-3762/,0,0.01,,2019/07/21 9:30,,Site links
177,タイヤ サイド 傷 修理,38,52,2019/07/03 18:36,90,https://kurumaiko.com/post-3762/,0,0,0.35,2019/07/29 19:20,,"Site links, Image pack, Video"
178,車 ゴム 劣化 補修,36,83,2019/06/27 8:43,60,https://kurumaiko.com/post-3762/,0,0,0.08,2019/07/24 16:07,,"Site links, Top stories, Thumbnail, Image pack"
179,ひび割れしにくいタイヤ,39,32,2019/06/27 3:35,50,https://kurumaiko.com/post-3762/,0,0,,2019/07/25 3:36,,"Site links, Image pack"
180,車 ひび割れ 補修,40,42,2019/06/26 23:04,50,https://kurumaiko.com/post-3762/,0,0,0.45,2019/07/24 6:07,,"Top stories, Thumbnail, Image pack, Site links"
181,タイヤ 劣化,51,51,,400,https://kurumaiko.com/post-3762/,1,0,1.2,2019/07/30 16:33,,"Image pack, Top stories, Thumbnail, Video"
182,タイヤ トレッド面 傷,45,44,2019/06/09 0:53,70,https://kurumaiko.com/post-3762/,0,0,,2019/07/08 0:32,,Image pack
183,タイヤ の 側面,48,54,2019/06/11 10:24,40,https://kurumaiko.com/post-3762/,0,0,,2019/07/09 20:25,,Image pack
184,タイヤ 針金,52,78,2019/06/22 16:02,60,https://kurumaiko.com/post-3762/,0,0,,2019/07/20 8:24,,"Image pack, Site links, Video"
185,タイヤ 側面 傷,59,67,2019/06/10 12:29,250,https://kurumaiko.com/post-3762/,0,0,0.15,2019/07/08 19:16,,"Image pack, Video"
186,タイヤ 限界まで使う,56,73,2019/07/04 16:57,100,https://kurumaiko.com/post-3762/,0,0,,2019/07/30 13:05,,"Site links, Image pack"
187,タイヤ ワイヤー 切れる,58,58,,100,https://kurumaiko.com/post-3762/,0,0,,2019/07/05 13:15,,"Image pack, Site links, Video"
188,ゴムのひび割れ補修,53,56,2019/06/19 11:45,30,https://kurumaiko.com/post-3762/,0,0,0.04,2019/07/17 13:57,,"Image pack, Top stories, Thumbnail, Adwords bottom, Site links"
189,タイヤ 傷 側面,60,53,2019/06/26 0:48,80,https://kurumaiko.com/post-3762/,0,0,0.15,2019/07/23 17:57,,"Image pack, Video"
190,タイヤ サイドウォール えぐれ 修理,62,62,,50,https://kurumaiko.com/post-3762/,0,0,,2019/07/20 6:11,,"Image pack, Site links"
191,タイヤの側面,60,57,2019/06/21 15:00,30,https://kurumaiko.com/post-3762/,0,0,,2019/07/18 23:54,,Image pack
192,タイヤの寿命 ひび,55,55,,60,https://kurumaiko.com/post-3762/,0,0,0.01,2019/07/24 21:06,Image pack,"Site links, Image pack"
193,タイヤ 溝 4mm,70,70,,150,https://kurumaiko.com/post-3762/,0,0,0.6,2019/07/18 16:07,,"Site links, Image pack"
194,原付 タイヤ ひび割れ,65,50,2019/06/07 15:03,50,https://kurumaiko.com/post-3762/,0,0,,2019/07/05 19:34,,"Site links, Image pack, Top stories, Thumbnail, Video"
195,バイク タイヤ ヒビ,71,39,2019/06/18 9:44,70,https://kurumaiko.com/post-3762/,0,0,,2019/07/16 2:30,,"Image pack, Site links, Top stories, Thumbnail, Video"
196,タイヤ の 寿命 ひび,66,66,,150,https://kurumaiko.com/post-3762/,0,0,1,2019/07/31 4:01,Image pack,"Site links, Image pack"
197,タイヤ サイドウォール 補修,76,74,2019/06/19 22:29,100,https://kurumaiko.com/post-3762/,0,0,,2019/07/17 19:12,,"Shopping results, Thumbnail, Image pack, Site links, Adwords bottom"
198,ゴム ひび割れ 補修,80,88,2019/06/12 10:10,200,https://kurumaiko.com/post-3762/,0,0,0.15,2019/07/10 3:41,,"Image pack, Top stories, Thumbnail"
199,タイヤサイドウォール補修,72,72,,30,https://kurumaiko.com/post-3762/,0,0,,2019/07/19 10:01,,"Shopping results, Thumbnail, Image pack, Site links, Adwords bottom"
200,スタッドレス 寿命 10 年,88,88,,350,https://kurumaiko.com/post-3762/,0,0,,2019/07/31 0:22,,"Site links, Top stories, Thumbnail, Video, Image pack"
201,タイヤ サイドウォール 傷,90,92,2019/06/13 7:31,350,https://kurumaiko.com/post-3762/,0,0,0.01,2019/07/11 10:32,,"Image pack, Video"
202,タイヤ カーカス 見える,80,80,,50,https://kurumaiko.com/post-3762/,0,0,,2019/07/20 13:19,,Image pack
203,バイク タイヤ バースト,84,84,,60,https://kurumaiko.com/post-3762/,0,0,,2019/07/29 8:33,,"Top stories, Thumbnail, Image pack"
204,タイヤサイドウォールキズ,85,89,2019/06/26 4:25,30,https://kurumaiko.com/post-3762/,0,0,,2019/07/24 1:50,,"Image pack, Video"
205,バイク 車検 タイヤ 溝,90,86,2019/07/04 14:00,50,https://kurumaiko.com/post-3762/,0,0,,2019/07/30 16:05,,"Site links, Image pack, Video"
206,車ゴム劣化補修,96,100,2019/06/08 11:03,70,https://kurumaiko.com/post-3762/,0,0,0.05,2019/07/07 0:36,,"Top stories, Thumbnail, Site links, Image pack"
207,タイヤの溝 車検,98,98,,100,https://kurumaiko.com/post-3762/,0,0,,2019/07/25 17:07,,"Featured snippet, Site links, Top stories, Thumbnail, Image pack"
208,車検 タイヤ 溝 基準,96,96,,40,https://kurumaiko.com/post-3762/,0,0,,2019/07/26 2:58,,"Site links, Image pack"
209,車検 タイヤ 溝,96,62,2019/07/21 5:02,1100,https://kurumaiko.com/post-3762/,0,0,5,2019/07/28 0:16,,"Featured snippet, Site links, Image pack, Top stories, Thumbnail"
